name,type,address,latitude,longitude,phone,yakap_accredited,services,operating_hours,barangay,photos
"Example City Hospital","hospital","Leon Sa Aureus St., Naga City, Camarines Sur","13.6304","123.2010","09178137668","false","Clinical Chemistry;Clinical Microscopy;ECG;General Medicine;Hematology;Internal Medicine;OB-GYN;Pediatrics;Surgery;X-ray;Animal Bite Clinic","Mon-Fri:  8AM-12AM; Sat: 24 Hours","Balatas","https://upload.wikimedia.org/wikipedia/commons/5/5e/Naga_City_General_Hospital.jpg"
"Naga City General Hospital","hospital","Leon Sa Aureus St., Naga City, Camarines Sur","13.6304","123.2010","09178137668","true","Clinical Chemistry;Clinical Microscopy;ECG;General Medicine;Hematology;Internal Medicine;OB-GYN;Pediatrics;Surgery;X-ray;Animal Bite Clinic","Mon-Sun: 24 Hours","Balatas","https://upload.wikimedia.org/wikipedia/commons/5/5e/Naga_City_General_Hospital.jpg"
"Bicol Medical Center","hospital","BMC Road, Concepcion Peque単a, Naga City, Camarines Sur","13.62398","123.19889","(054) 472-6125","true","Adolescent Health;Blood Bank;Dental;Dermatology;Dialysis;Emergency;ENT;Eye Center;Family Planning;General Medicine;HIV Treatment;Internal Medicine;Laboratory;Mental Health;OB-GYN;Pediatrics;Radiology;Surgery","Mon-Sun: 24 Hours","Concepcion Peque単a","https://upload.wikimedia.org/wikipedia/commons/a/a4/Bicol_medical_center.JPG"
"City Health Office","health_center","City Hall Complex, J. Miranda Avenue, Concepcion Peque単a, Naga City","13.6220","123.1950","(054) 205-2980","true","Primary Care;Consultation;Immunization;Maternal Care;Nutrition Services","Mon-Fri: 8AM-5PM","Concepcion Peque単a",""
"Abella Barangay Health Center","health_center","Abella, Naga City","13.6250","123.1850","","true","Primary Care;Maternal Care;Immunization","Mon-Fri: 8AM-5PM","Abella",""
"Bagumbayan Norte Barangay Health Center","health_center","Bagumbayan Norte, Naga City","13.6300","123.1900","","true","Primary Care;Maternal Care;Immunization","Mon-Fri: 8AM-5PM","Bagumbayan Norte",""
"Carolina Barangay Health Center","health_center","Carolina, Naga City","13.6500","123.2500","","true","Primary Care;Maternal Care;Immunization","Mon-Fri: 8AM-5PM","Carolina",""
"Concepcion Grande Barangay Health Center","health_center","Concepcion Grande, Naga City","13.6100","123.2100","","true","Primary Care;Maternal Care;Immunization","Mon-Fri: 8AM-5PM","Concepcion Grande",""
"Pacol Barangay Health Center","health_center","Pacol, Naga City","13.6600","123.2300","","true","Primary Care;Maternal Care;Immunization","Mon-Fri: 8AM-5PM","Pacol",""
"San Felipe Barangay Health Center","health_center","San Felipe, Naga City","13.6400","123.2000","","true","Primary Care;Maternal Care;Immunization","Mon-Fri: 8AM-5PM","San Felipe",""